<metadata xml:lang="en"><Esri><MetaID>{6A69FB46-EAF6-4EAA-B637-E2CDAC732BE0}</MetaID><CreaDate>20101025</CreaDate><CreaTime>13123900</CreaTime><SyncOnce>FALSE</SyncOnce><SyncDate>20140724</SyncDate><SyncTime>10045900</SyncTime><ModDate>20140724</ModDate><ModTime>10045900</ModTime><DataProperties><lineage><Process ToolSource="C:\Program Files\ArcGIS\ArcToolbox\Toolboxes\Conversion Tools.tbx\MetadataImporter" Date="20110113" Time="125134" Name="" export="">MetadataImporter "Database Connections\GISmaint_DC_base_admin.sde\BASE_ADMIN.Zoning" "Database Connections\GISMAINT1_DC_BASE_ADMIN.sde\BASE_ADMIN.zoning" "Database Connections\GISMAINT1_DC_BASE_ADMIN.sde\BASE_ADMIN.zoning"</Process><Process ToolSource="C:\Program Files\ArcGIS\ArcToolbox\Toolboxes\Data Management Tools.tbx\ChangePrivileges" Date="20110602" Time="152408" Name="" export="">ChangePrivileges "Database Connections\GISMAINT1_DC_BASE_ADMIN.sde\BASE_ADMIN.zoning" BASE_GUEST_RL GRANT # "Database Connections\GISMAINT1_DC_BASE_ADMIN.sde\BASE_ADMIN.zoning"</Process><Process ToolSource="C:\Program Files\ArcGIS\Desktop10.0\ArcToolbox\Toolboxes\Data Management Tools.tbx\Analyze" Date="20120712" Time="154901">Analyze "Database Connections/Base_Admin_GISMAINT1.sde/zoning" BUSINESS;FEATURE;ADDS;DELETES</Process><Process ToolSource="C:\Program Files\ArcGIS\Desktop10.0\ArcToolbox\Toolboxes\Data Management Tools.tbx\Analyze" Date="20120719" Time="154633">Analyze "Database Connections/Base_Admin_GISMAINT1.sde/zoning" BUSINESS;FEATURE;ADDS;DELETES</Process><Process ToolSource="C:\Program Files\ArcGIS\Desktop10.0\ArcToolbox\Toolboxes\Data Management Tools.tbx\Analyze" Date="20120726" Time="154740">Analyze "Database Connections/Base_Admin_GISMAINT1.sde/zoning" BUSINESS;FEATURE;ADDS;DELETES</Process><Process ToolSource="C:\Program Files\ArcGIS\Desktop10.0\ArcToolbox\Toolboxes\Data Management Tools.tbx\Analyze" Date="20120809" Time="153252">Analyze "Database Connections/Base_Admin_GISMAINT1.sde/zoning" BUSINESS;FEATURE;ADDS;DELETES</Process><Process ToolSource="C:\Program Files\ArcGIS\Desktop10.0\ArcToolbox\Toolboxes\Data Management Tools.tbx\Analyze" Date="20120816" Time="154944">Analyze "Database Connections/Base_Admin_GISMAINT1.sde/zoning" BUSINESS;FEATURE;ADDS;DELETES</Process><Process ToolSource="C:\Program Files\ArcGIS\Desktop10.0\ArcToolbox\Toolboxes\Data Management Tools.tbx\Analyze" Date="20120823" Time="155032">Analyze "Database Connections/Base_Admin_GISMAINT1.sde/zoning" BUSINESS;FEATURE;ADDS;DELETES</Process><Process ToolSource="C:\Program Files\ArcGIS\Desktop10.0\ArcToolbox\Toolboxes\Data Management Tools.tbx\Analyze" Date="20120913" Time="155445">Analyze "Database Connections/Base_Admin_GISMAINT1.sde/zoning" BUSINESS;FEATURE;ADDS;DELETES</Process><Process ToolSource="C:\Program Files\ArcGIS\Desktop10.0\ArcToolbox\Toolboxes\Data Management Tools.tbx\Analyze" Date="20121004" Time="155227">Analyze "Database Connections/Base_Admin_GISMAINT1.sde/zoning" BUSINESS;FEATURE;ADDS;DELETES</Process><Process ToolSource="C:\Program Files\ArcGIS\Desktop10.0\ArcToolbox\Toolboxes\Data Management Tools.tbx\Analyze" Date="20121011" Time="154328">Analyze "Database Connections/Base_Admin_GISMAINT1.sde/zoning" BUSINESS;FEATURE;ADDS;DELETES</Process><Process ToolSource="C:\Program Files\ArcGIS\Desktop10.0\ArcToolbox\Toolboxes\Data Management Tools.tbx\Analyze" Date="20121025" Time="154825">Analyze "Database Connections/Base_Admin_GISMAINT1.sde/zoning" BUSINESS;FEATURE;ADDS;DELETES</Process><Process ToolSource="C:\Program Files\ArcGIS\Desktop10.0\ArcToolbox\Toolboxes\Data Management Tools.tbx\Analyze" Date="20121115" Time="155524">Analyze "Database Connections/Base_Admin_GISMAINT1.sde/zoning" BUSINESS;FEATURE;ADDS;DELETES</Process><Process ToolSource="c:\program files\arcgis\desktop10.0\ArcToolbox\Toolboxes\Data Management Tools.tbx\UnregisterAsVersioned" Date="20130613" Time="161158">UnregisterAsVersioned "Database Connections\base_admin.sde\BASE_ADMIN.zoning" KEEP_EDIT NO_COMPRESS_DEFAULT</Process><Process ToolSource="c:\program files\arcgis\desktop10.0\ArcToolbox\Toolboxes\Data Management Tools.tbx\RegisterAsVersioned" Date="20130613" Time="161326">RegisterAsVersioned "Database Connections\base_admin.sde\BASE_ADMIN.zoning" NO_EDITS_TO_BASE</Process><Process ToolSource="C:\Program Files\ArcGIS\Desktop10.0\ArcToolbox\Toolboxes\Data Management Tools.tbx\ChangePrivileges" Date="20130613" Time="161914">ChangePrivileges 'Database Connections\base_admin.sde\BASE_ADMIN.land_base';'Database Connections\base_admin.sde\BASE_ADMIN.right_of_way';'Database Connections\base_admin.sde\BASE_ADMIN.site_plan';'Database Connections\base_admin.sde\BASE_ADMIN.zoning';'Database Connections\base_admin.sde\BASE_ADMIN.zoning_case';'Database Connections\base_admin.sde\BASE_ADMIN.zoning_ordinance' smeeks GRANT GRANT</Process><Process ToolSource="C:\Program Files\ArcGIS\Desktop10.0\ArcToolbox\Toolboxes\Data Management Tools.tbx\ChangePrivileges" Date="20130613" Time="162146">ChangePrivileges 'Database Connections\base_admin.sde\BASE_ADMIN.land_base';'Database Connections\base_admin.sde\BASE_ADMIN.right_of_way';'Database Connections\base_admin.sde\BASE_ADMIN.site_plan';'Database Connections\base_admin.sde\BASE_ADMIN.zoning';'Database Connections\base_admin.sde\BASE_ADMIN.zoning_case';'Database Connections\base_admin.sde\BASE_ADMIN.zoning_ordinance' tcastro GRANT GRANT</Process><Process ToolSource="C:\Program Files\ArcGIS\Desktop10.0\ArcToolbox\Toolboxes\Data Management Tools.tbx\ChangePrivileges" Date="20130613" Time="162227">ChangePrivileges 'Database Connections\base_admin.sde\BASE_ADMIN.land_base';'Database Connections\base_admin.sde\BASE_ADMIN.right_of_way';'Database Connections\base_admin.sde\BASE_ADMIN.site_plan';'Database Connections\base_admin.sde\BASE_ADMIN.zoning';'Database Connections\base_admin.sde\BASE_ADMIN.zoning_case';'Database Connections\base_admin.sde\BASE_ADMIN.zoning_ordinance' rsigmon GRANT GRANT</Process><Process ToolSource="C:\Program Files\ArcGIS\Desktop10.0\ArcToolbox\Toolboxes\Data Management Tools.tbx\ChangePrivileges" Date="20130613" Time="162249">ChangePrivileges 'Database Connections\base_admin.sde\BASE_ADMIN.land_base';'Database Connections\base_admin.sde\BASE_ADMIN.right_of_way';'Database Connections\base_admin.sde\BASE_ADMIN.site_plan';'Database Connections\base_admin.sde\BASE_ADMIN.zoning';'Database Connections\base_admin.sde\BASE_ADMIN.zoning_case';'Database Connections\base_admin.sde\BASE_ADMIN.zoning_ordinance' jberry GRANT GRANT</Process><Process ToolSource="C:\Program Files\ArcGIS\Desktop10.0\ArcToolbox\Toolboxes\Data Management Tools.tbx\ChangePrivileges" Date="20130613" Time="162331">ChangePrivileges 'Database Connections\base_admin.sde\BASE_ADMIN.land_base';'Database Connections\base_admin.sde\BASE_ADMIN.right_of_way';'Database Connections\base_admin.sde\BASE_ADMIN.site_plan';'Database Connections\base_admin.sde\BASE_ADMIN.zoning';'Database Connections\base_admin.sde\BASE_ADMIN.zoning_case';'Database Connections\base_admin.sde\BASE_ADMIN.zoning_ordinance' bvanderford GRANT GRANT</Process><Process ToolSource="C:\Program Files\ArcGIS\Desktop10.0\ArcToolbox\Toolboxes\Data Management Tools.tbx\ChangePrivileges" Date="20130613" Time="162356">ChangePrivileges 'Database Connections\base_admin.sde\BASE_ADMIN.land_base';'Database Connections\base_admin.sde\BASE_ADMIN.right_of_way';'Database Connections\base_admin.sde\BASE_ADMIN.site_plan';'Database Connections\base_admin.sde\BASE_ADMIN.zoning';'Database Connections\base_admin.sde\BASE_ADMIN.zoning_case';'Database Connections\base_admin.sde\BASE_ADMIN.zoning_ordinance' rparker GRANT GRANT</Process><Process ToolSource="C:\Program Files\ArcGIS\Desktop10.0\ArcToolbox\Toolboxes\Data Management Tools.tbx\ChangePrivileges" Date="20130613" Time="162434">ChangePrivileges 'Database Connections\base_admin.sde\BASE_ADMIN.land_base';'Database Connections\base_admin.sde\BASE_ADMIN.right_of_way';'Database Connections\base_admin.sde\BASE_ADMIN.site_plan';'Database Connections\base_admin.sde\BASE_ADMIN.zoning';'Database Connections\base_admin.sde\BASE_ADMIN.zoning_case';'Database Connections\base_admin.sde\BASE_ADMIN.zoning_ordinance' cboas GRANT GRANT</Process><Process ToolSource="C:\Program Files\ArcGIS\Desktop10.0\ArcToolbox\Toolboxes\Data Management Tools.tbx\ChangePrivileges" Date="20130613" Time="162507">ChangePrivileges 'Database Connections\base_admin.sde\BASE_ADMIN.land_base';'Database Connections\base_admin.sde\BASE_ADMIN.right_of_way';'Database Connections\base_admin.sde\BASE_ADMIN.site_plan';'Database Connections\base_admin.sde\BASE_ADMIN.zoning';'Database Connections\base_admin.sde\BASE_ADMIN.zoning_case';'Database Connections\base_admin.sde\BASE_ADMIN.zoning_ordinance' jcook GRANT GRANT</Process><Process ToolSource="C:\Program Files\ArcGIS\Desktop10.0\ArcToolbox\Toolboxes\Data Management Tools.tbx\ChangePrivileges" Date="20130613" Time="162550">ChangePrivileges 'Database Connections\base_admin.sde\BASE_ADMIN.land_base';'Database Connections\base_admin.sde\BASE_ADMIN.right_of_way';'Database Connections\base_admin.sde\BASE_ADMIN.site_plan';'Database Connections\base_admin.sde\BASE_ADMIN.zoning';'Database Connections\base_admin.sde\BASE_ADMIN.zoning_case';'Database Connections\base_admin.sde\BASE_ADMIN.zoning_ordinance' mhawkins GRANT GRANT</Process><Process ToolSource="C:\Program Files\ArcGIS\Desktop10.0\ArcToolbox\Toolboxes\Data Management Tools.tbx\ChangePrivileges" Date="20130613" Time="162625">ChangePrivileges 'Database Connections\base_admin.sde\BASE_ADMIN.land_base';'Database Connections\base_admin.sde\BASE_ADMIN.right_of_way';'Database Connections\base_admin.sde\BASE_ADMIN.site_plan';'Database Connections\base_admin.sde\BASE_ADMIN.zoning';'Database Connections\base_admin.sde\BASE_ADMIN.zoning_case';'Database Connections\base_admin.sde\BASE_ADMIN.zoning_ordinance' lpugh GRANT GRANT</Process></lineage><itemProps><itemName Sync="TRUE">zoning</itemName><imsContentType Sync="TRUE">002</imsContentType><nativeExtBox><westBL Sync="TRUE">3052057.000000</westBL><eastBL Sync="TRUE">3182112.480000</eastBL><southBL Sync="TRUE">10000410.568125</southBL><northBL Sync="TRUE">10161186.640000</northBL><exTypeCode Sync="TRUE">1</exTypeCode></nativeExtBox><itemLocation><linkage Sync="TRUE">file://\\CTM-C8LRM02-G1\C$\Users\BaciaB\Desktop\FTP Update 072414\zoning.shp</linkage><protocol Sync="TRUE">Local Area Network</protocol></itemLocation><itemSize Sync="TRUE">0.000</itemSize></itemProps><coordRef><type Sync="TRUE">Projected</type><geogcsn Sync="TRUE">GCS_North_American_1983</geogcsn><projcsn Sync="TRUE">NAD_1983_StatePlane_Texas_Central_FIPS_4203_Feet</projcsn><peXml Sync="TRUE">&lt;ProjectedCoordinateSystem xsi:type='typens:ProjectedCoordinateSystem' xmlns:xsi='http://www.w3.org/2001/XMLSchema-instance' xmlns:xs='http://www.w3.org/2001/XMLSchema' xmlns:typens='http://www.esri.com/schemas/ArcGIS/10.1'&gt;&lt;WKT&gt;PROJCS[&amp;quot;NAD_1983_StatePlane_Texas_Central_FIPS_4203_Feet&amp;quot;,GEOGCS[&amp;quot;GCS_North_American_1983&amp;quot;,DATUM[&amp;quot;D_North_American_1983&amp;quot;,SPHEROID[&amp;quot;GRS_1980&amp;quot;,6378137.0,298.257222101]],PRIMEM[&amp;quot;Greenwich&amp;quot;,0.0],UNIT[&amp;quot;Degree&amp;quot;,0.0174532925199433]],PROJECTION[&amp;quot;Lambert_Conformal_Conic&amp;quot;],PARAMETER[&amp;quot;False_Easting&amp;quot;,2296583.333333333],PARAMETER[&amp;quot;False_Northing&amp;quot;,9842500.0],PARAMETER[&amp;quot;Central_Meridian&amp;quot;,-100.3333333333333],PARAMETER[&amp;quot;Standard_Parallel_1&amp;quot;,30.11666666666667],PARAMETER[&amp;quot;Standard_Parallel_2&amp;quot;,31.88333333333333],PARAMETER[&amp;quot;Latitude_Of_Origin&amp;quot;,29.66666666666667],UNIT[&amp;quot;Foot_US&amp;quot;,0.3048006096012192],AUTHORITY[&amp;quot;EPSG&amp;quot;,2277]]&lt;/WKT&gt;&lt;XOrigin&gt;-124805500&lt;/XOrigin&gt;&lt;YOrigin&gt;-81923100&lt;/YOrigin&gt;&lt;XYScale&gt;35432942.484959878&lt;/XYScale&gt;&lt;ZOrigin&gt;-100000&lt;/ZOrigin&gt;&lt;ZScale&gt;10000&lt;/ZScale&gt;&lt;MOrigin&gt;-100000&lt;/MOrigin&gt;&lt;MScale&gt;10000&lt;/MScale&gt;&lt;XYTolerance&gt;0.0032808333333333331&lt;/XYTolerance&gt;&lt;ZTolerance&gt;0.001&lt;/ZTolerance&gt;&lt;MTolerance&gt;0.001&lt;/MTolerance&gt;&lt;HighPrecision&gt;true&lt;/HighPrecision&gt;&lt;WKID&gt;102739&lt;/WKID&gt;&lt;LatestWKID&gt;2277&lt;/LatestWKID&gt;&lt;/ProjectedCoordinateSystem&gt;</peXml><csUnits Sync="TRUE">Linear Unit: Foot_US (0.304801)</csUnits></coordRef></DataProperties><ArcGISFormat>1.0</ArcGISFormat><ArcGISProfile>ISO19139</ArcGISProfile></Esri><idinfo><native Sync="TRUE">Microsoft Windows XP Version 5.1 (Build 2600) Service Pack 3; ESRI ArcCatalog 9.3.1.4000</native><descript><langdata Sync="TRUE">en</langdata><abstract>This feature class represents the zoning classification boundaries in the City of Austin and surrounding counties.</abstract><purpose>This feature class consists of locations of zoning classification boundaries in the City of Austin and surrounding counties.</purpose></descript><citation><citeinfo><origin>City of Austin - Communications Technology Management Department</origin><pubdate>20101025</pubdate><title>BASE_ADMIN.zoning</title><ftname Sync="TRUE">BASE_ADMIN.zoning</ftname><geoform Sync="TRUE">vector digital data</geoform><onlink>ftp://coageoid01.ci.austin.tx.us/</onlink><pubinfo><publish>City of Austin - Communications Technology Management Department</publish><pubplace>505 Barton Springs Rd. Ste. 1070 Austin, TX 78704</pubplace></pubinfo></citeinfo></citation><timeperd><current>ground condition</current><timeinfo><sngdate><caldate>20101025</caldate></sngdate></timeinfo></timeperd><status><progress>In work</progress><update>Continually</update></status><spdom><bounding><westbc Sync="TRUE">-97.944747</westbc><eastbc Sync="TRUE">-97.520862</eastbc><northbc Sync="TRUE">30.520499</northbc><southbc Sync="TRUE">30.070195</southbc></bounding><lboundng><leftbc Sync="TRUE">3052057.000000</leftbc><rightbc Sync="TRUE">3182112.480000</rightbc><bottombc Sync="TRUE">10000410.568125</bottombc><topbc Sync="TRUE">10161186.640000</topbc></lboundng></spdom><keywords><theme><themekt>ESRI Geography Network Thesaurus</themekt><themekey>zoning</themekey></theme><place><placekt>None</placekt><placekey>Austin Texas</placekey></place></keywords><accconst>City of Austin personnel, Public, Individual Authorized Users</accconst><useconst>This product is for informational purposes and may not have been prepared for or be suitable for legal, engineering, or surveying purposes. It does not represent an on-the-ground survey and represents only the approximate relative location of property boundaries.

This product has been produced by the Communications Technology Management for the sole purpose of geographic reference. No warranty is made by the City of Austin regarding specific accuracy or completeness.
</useconst><natvform Sync="TRUE">SDE Feature Class</natvform><ptcontac><cntinfo><cntorgp><cntorg>City of Austin - CTM</cntorg><cntper>John Cook</cntper></cntorgp><cntpos>GIS Supervisor</cntpos><cntaddr><addrtype>mailing</addrtype><address>505 Barton Springs Rd. Ste. 1070</address><city>Austin</city><state>TX</state><postal>78704</postal><country>USA</country></cntaddr><cntvoice>(512)974-6403</cntvoice><cntfax>(512)974-3337</cntfax><cntemail>john.cook@ci.austin.tx.us</cntemail><hours>8:30-5:00 Mon-Fri</hours></cntinfo></ptcontac></idinfo><dataIdInfo><envirDesc Sync="TRUE">Microsoft Windows 7 Version 6.1 (Build 7601) Service Pack 1; Esri ArcGIS 10.2.2.3552</envirDesc><dataLang><languageCode Sync="TRUE" value="eng" country="US"/><countryCode value="eng"/></dataLang><idCitation xmlns=""><resTitle>BASE_ADMIN.zoning</resTitle><presForm><PresFormCd Sync="TRUE" value="005"/></presForm><resRefDate><refDate>20101025</refDate><refDateType><DateTypCd value="001"/></refDateType></resRefDate><date><createDate>20101025</createDate></date><resAltTitle>Zoning</resAltTitle><citRespParty xmlns=""><rpIndName>John Cook</rpIndName><rpOrgName>CTM Geospatial Services - Data Development</rpOrgName><rpPosName>GIS Supervisor</rpPosName><rpCntInfo xmlns=""><cntAddress><delPoint>505 Barton Springs Rd., Suite 1070</delPoint><city>Austin</city><adminArea>TX</adminArea><postCode>78704</postCode><eMailAdd>john.cook@ci.austin.tx.us</eMailAdd><country>United States</country></cntAddress><cntPhone><voiceNum>(512) 974-6403</voiceNum><faxNum>(512) 974-3337</faxNum></cntPhone><cntHours>8:00 AM to 4:30 PM Central Time (M-F)</cntHours></rpCntInfo><role><RoleCd value="007"/></role></citRespParty></idCitation><spatRpType><SpatRepTypCd Sync="TRUE" value="001"/></spatRpType><dataExt><geoEle><GeoBndBox esriExtentType="search"><westBL Sync="TRUE">-97.944747</westBL><eastBL Sync="TRUE">-97.520862</eastBL><northBL Sync="TRUE">30.520499</northBL><southBL Sync="TRUE">30.070195</southBL><exTypeCode Sync="TRUE">1</exTypeCode></GeoBndBox><GeoBndBox esriExtentType="native"><westBL Sync="TRUE">3052057</westBL><eastBL Sync="TRUE">3182112.48</eastBL><northBL Sync="TRUE">10161186.64</northBL><southBL Sync="TRUE">10000410.568125</southBL><exTypeCode Sync="TRUE">1</exTypeCode></GeoBndBox></geoEle></dataExt><geoBox esriExtentType="decdegrees"><westBL Sync="TRUE">-97.944747</westBL><eastBL Sync="TRUE">-97.520862</eastBL><northBL Sync="TRUE">30.520499</northBL><southBL Sync="TRUE">30.070195</southBL><exTypeCode Sync="TRUE">1</exTypeCode></geoBox><idAbs>&lt;DIV STYLE="text-align:Left;"&gt;&lt;DIV&gt;&lt;DIV&gt;&lt;P&gt;&lt;SPAN&gt;This feature class represents the zoning classification boundaries in the City of Austin and surrounding counties.&lt;/SPAN&gt;&lt;/P&gt;&lt;/DIV&gt;&lt;/DIV&gt;&lt;/DIV&gt;</idAbs><descKeys><thesaName uuidref="723f6998-058e-11dc-8314-0800200c9a66"/><keyword Sync="TRUE">002</keyword></descKeys><otherKeys xmlns=""><thesaName uuidref="723f6998-058e-11dc-8314-0800200c9a66"/><keyword>002</keyword></otherKeys><searchKeys><keyword>Zoning</keyword><keyword>Planning Cadastre</keyword></searchKeys><idPurp>This feature class consists of locations of zoning classification boundaries in the City of Austin and surrounding counties.</idPurp><idCredit>Acknowledgment of the “City of Austin, Geospatial Services – Data Development” would be appreciated in products derived from this data.</idCredit><resConst xmlns=""><Consts xmlns=""><useLimit>This data has been produced by the City of Austin for the sole purpose of aiding internal processes and is not warranted for any other use. No warranty is made by the City of Austin regarding its accuracy or completeness. </useLimit></Consts></resConst><dataChar><CharSetCd value="004"/></dataChar><idPoC xmlns=""><rpIndName>John Cook</rpIndName><rpOrgName>CTM Geospatial Services - Data Development</rpOrgName><rpPosName>GIS Supervisor</rpPosName><rpCntInfo xmlns=""><cntAddress><delPoint>505 Barton Springs Rd., Suite 1070</delPoint><city>Austin</city><adminArea>TX</adminArea><postCode>78704</postCode><eMailAdd>john.cook@ci.austin.tx.us</eMailAdd><country>United States</country></cntAddress><cntPhone><voiceNum>(512) 974-6403</voiceNum><faxNum>(512) 974-3337</faxNum></cntPhone><cntHours>8:00 AM to 4:30 PM Central Time (M-F)</cntHours></rpCntInfo><role><RoleCd value="007"/></role></idPoC><resMaint xmlns=""><maintFreq><MaintFreqCd value="001"/></maintFreq><maintScp><ScopeCd value="001"/></maintScp><maintScp><ScopeCd value="009"/></maintScp></resMaint><tpCat><TopicCatCd value="015"/></tpCat><idPoC Sync="TRUE"><rpIndName Sync="TRUE">John Cook</rpIndName><rpOrgName Sync="TRUE">CTM Geospatial Services - Data Development</rpOrgName><rpPosName Sync="TRUE">GIS Supervisor</rpPosName><rpCntInfo><cntPhone><voiceNum Sync="TRUE">(512) 974-6403</voiceNum><faxNum Sync="TRUE">(512) 974-3337</faxNum></cntPhone><cntAddress><delPoint Sync="TRUE">505 Barton Springs Rd., Suite 1070</delPoint><city Sync="TRUE">Austin</city><adminArea Sync="TRUE">TX</adminArea><postCode Sync="TRUE">78704</postCode><country Sync="TRUE">United States</country><eMailAdd Sync="TRUE">john.cook@ci.austin.tx.us</eMailAdd></cntAddress><cntHours Sync="TRUE">8:00 AM to 4:30 PM Central Time (M-F)</cntHours></rpCntInfo><role><RoleCd Sync="TRUE" value="007"></RoleCd></role></idPoC></dataIdInfo><metainfo><langmeta Sync="TRUE">en</langmeta><metstdn Sync="TRUE">FGDC Content Standards for Digital Geospatial Metadata</metstdn><metstdv Sync="TRUE">FGDC-STD-001-1998</metstdv><mettc Sync="TRUE">local time</mettc><metc><cntinfo><cntorgp><cntper>John Cook</cntper><cntorg>City of Austin - CTM</cntorg></cntorgp><cntaddr><addrtype>mailing</addrtype><city>Austin</city><state>TX</state><postal>78704</postal><address>505 Barton Springs Rd. Ste. 1070</address><country>USA</country></cntaddr><cntvoice>(512)974-6403</cntvoice><cntpos>GIS Supervisor</cntpos><cntfax>(512)974-3337</cntfax><cntemail>john.cook@ci.austin.tx.us</cntemail><hours>8:30-5:00 Mon-Fri</hours></cntinfo></metc><metd Sync="TRUE">20111017</metd></metainfo><mdLang><languageCode Sync="TRUE" value="eng"/><countryCode value="USA" Sync="TRUE"></countryCode></mdLang><mdStanName>ArcGIS Metadata</mdStanName><mdStanVer>1.0</mdStanVer><mdChar><CharSetCd Sync="TRUE" value="004"/></mdChar><mdHrLv><ScopeCd Sync="TRUE" value="005"/></mdHrLv><mdHrLvName Sync="FALSE">Feature Class</mdHrLvName><distinfo><resdesc>Downloadable Data</resdesc><distrib><cntinfo><cntorgp><cntorg>City of Austin - CTM</cntorg><cntper>John Cook</cntper></cntorgp><cntpos>GIS Supervisor</cntpos><cntaddr><addrtype>mailing</addrtype><address>505 Barton Springs Rd. Ste. 1070</address><city>Austin</city><state>TX</state><postal>78704</postal><country>USA</country></cntaddr><cntvoice>(512)974-6403</cntvoice><cntfax>(512)974-3337</cntfax><cntemail>john.cook@ci.austin.tx.us</cntemail><hours>8:30-5:00 Mon-Fri</hours></cntinfo></distrib><stdorder><digform><digtinfo><formname>ESRI data format, dependent upon request</formname></digtinfo></digform><fees>To be determined at time of order</fees></stdorder><distliab>This data has been produced by the City of Austin for the sole purpose of aiding internal processes and is not warranted for any other use. No warranty is made by the City of Austin regarding its accuracy or completeness</distliab></distinfo><distInfo xmlns=""><distributor xmlns=""><distorTran><onLineSrc><orDesc Sync="TRUE">002</orDesc><linkage Sync="TRUE">Server=CTMGISSDEDM.ci.austin.tx.us; Service=sde:oracle11g:\;local=gismaint1; User=BASE_ADMIN; Version=SDE.DEFAULT</linkage><protocol Sync="TRUE">ArcSDE Connection</protocol></onLineSrc></distorTran><distorFormat><formatName>ESRI data format, dependent upon request</formatName><formatVer>9.3</formatVer></distorFormat><distorCont xmlns=""><rpOrgName>CTM Geospatial Services - Data Development</rpOrgName><rpIndName>John Cook</rpIndName><rpPosName>GIS Supervisor</rpPosName><rpCntInfo xmlns=""><cntAddress><delPoint>505 Barton Springs Rd. Ste. 1070</delPoint><city>Austin</city><adminArea>TX</adminArea><postCode>78704</postCode><eMailAdd>john.cook@ci.austin.tx.us</eMailAdd></cntAddress><cntPhone><voiceNum>(512) 974-6403</voiceNum><faxNum>(512) 974-3337</faxNum></cntPhone><cntHours>8:00 AM to 4:30 PM Central Time (M-F)</cntHours></rpCntInfo><role><RoleCd value="005"/></role></distorCont></distributor><distFormat xmlns=""><formatName Sync="TRUE">Shapefile</formatName></distFormat><distTranOps><transSize Sync="TRUE">0.000</transSize></distTranOps></distInfo><spdoinfo><direct Sync="TRUE">Vector</direct><ptvctinf><esriterm Name="zoning"><efeatyp Sync="TRUE">Simple</efeatyp><efeageom code="4" Sync="TRUE"></efeageom><esritopo Sync="TRUE">FALSE</esritopo><efeacnt Sync="TRUE">0</efeacnt><spindex Sync="TRUE">FALSE</spindex><linrefer Sync="TRUE">FALSE</linrefer></esriterm></ptvctinf></spdoinfo><spref><horizsys><cordsysn><geogcsn Sync="TRUE">GCS_North_American_1983</geogcsn><projcsn Sync="TRUE">NAD_1983_StatePlane_Texas_Central_FIPS_4203_Feet</projcsn></cordsysn><planar><planci><plance Sync="TRUE">coordinate pair</plance><plandu Sync="TRUE">survey feet</plandu><coordrep><absres Sync="TRUE">0.000625</absres><ordres Sync="TRUE">0.000625</ordres></coordrep></planci></planar><geodetic><horizdn Sync="TRUE">North American Datum of 1983</horizdn><ellips Sync="TRUE">Geodetic Reference System 80</ellips><semiaxis Sync="TRUE">6378137.000000</semiaxis><denflat Sync="TRUE">298.257222</denflat></geodetic></horizsys><vertdef><altsys><altenc Sync="TRUE">Explicit elevation coordinate included with horizontal coordinates</altenc><altres Sync="TRUE">1.000000</altres></altsys></vertdef></spref><refSysInfo><RefSystem><refSysID xmlns=""><identCode Sync="TRUE" code="2277">NAD_1983_StatePlane_Texas_Central_FIPS_4203_Feet</identCode><idCodeSpace Sync="TRUE">EPSG</idCodeSpace><idVersion Sync="TRUE">8.2.6</idVersion></refSysID></RefSystem></refSysInfo><spatRepInfo><VectSpatRep><geometObjs Name="zoning"><geoObjTyp><GeoObjTypCd value="002" Sync="TRUE"></GeoObjTypCd></geoObjTyp><geoObjCnt Sync="TRUE">0</geoObjCnt></geometObjs><topLvl><TopoLevCd value="001" Sync="TRUE"></TopoLevCd></topLvl></VectSpatRep></spatRepInfo><eainfo><detailed Name="zoning" xmlns=""><enttyp><enttypl Sync="FALSE">Zoning</enttypl><enttypt Sync="TRUE">Feature Class</enttypt><enttypc Sync="TRUE">0</enttypc></enttyp><attr><attrlabl Sync="TRUE">FID</attrlabl><attalias Sync="TRUE">FID</attalias><attrtype Sync="TRUE">OID</attrtype><attwidth Sync="TRUE">4</attwidth><atprecis Sync="TRUE">0</atprecis><attscale Sync="TRUE">0</attscale><attrdef Sync="TRUE">Internal feature number.</attrdef><attrdefs Sync="TRUE">Esri</attrdefs><attrdomv><udom Sync="TRUE">Sequential unique whole numbers that are automatically generated.</udom></attrdomv></attr><attr xmlns=""><attrlabl Sync="TRUE">ZONING_ID</attrlabl><attalias Sync="TRUE">ZONING_ID</attalias><attrtype Sync="TRUE">Integer</attrtype><attwidth Sync="TRUE">9</attwidth><atprecis Sync="TRUE">9</atprecis><attscale Sync="TRUE">0</attscale><attrdef>Feature class unique ID.</attrdef><begdatea>19940301</begdatea></attr><attr xmlns=""><attrlabl Sync="TRUE">CREATED_BY</attrlabl><attalias Sync="TRUE">CREATED_BY</attalias><attrtype Sync="TRUE">String</attrtype><attwidth Sync="TRUE">20</attwidth><atprecis Sync="TRUE">0</atprecis><attscale Sync="TRUE">0</attscale><attrdef>Editor who created a feature.</attrdef><begdatea>19940301</begdatea><attrdomv><edom xmlns=""><edomv>D_BASE_EDITOR</edomv><edomvd>Barnettb</edomvd></edom></attrdomv><attrdomv><edom xmlns=""><edomv>D_BASE_EDITOR</edomv><edomvd>Castrot</edomvd></edom></attrdomv><attrdomv><edom xmlns=""><edomv>D_BASE_EDITOR</edomv><edomvd>Cookj</edomvd></edom></attrdomv><attrdomv><edom xmlns=""><edomv>D_BASE_EDITOR</edomv><edomvd>Meekss</edomvd></edom></attrdomv><attrdomv><edom xmlns=""><edomv>D_BASE_EDITOR</edomv><edomvd>Oneillt</edomvd></edom></attrdomv><attrdomv><edom xmlns=""><edomv>D_BASE_EDITOR</edomv><edomvd>Parkerr</edomvd></edom></attrdomv><attrdomv><edom xmlns=""><edomv>D_BASE_EDITOR</edomv><edomvd>Sigmonr</edomvd></edom></attrdomv></attr><attr><attrlabl Sync="TRUE">CREATED_DA</attrlabl><attalias Sync="TRUE">CREATED_DA</attalias><attrtype Sync="TRUE">Date</attrtype><attwidth Sync="TRUE">8</attwidth><atprecis Sync="TRUE">0</atprecis><attscale Sync="TRUE">0</attscale></attr><attr xmlns=""><attrlabl Sync="TRUE">SHAPE</attrlabl><attalias Sync="TRUE">Shape</attalias><attrtype Sync="TRUE">Geometry</attrtype><attwidth Sync="TRUE">0</attwidth><atprecis Sync="TRUE">0</atprecis><attscale Sync="TRUE">0</attscale><attrdef Sync="TRUE">Feature geometry.</attrdef><attrdefs Sync="TRUE">ESRI</attrdefs><attrdomv><udom Sync="TRUE">Coordinates defining the features.</udom></attrdomv><begdatea>19940301</begdatea></attr><attr><attrlabl Sync="TRUE">MODIFIED_D</attrlabl><attalias Sync="TRUE">MODIFIED_D</attalias><attrtype Sync="TRUE">Date</attrtype><attwidth Sync="TRUE">8</attwidth><atprecis Sync="TRUE">0</atprecis><attscale Sync="TRUE">0</attscale></attr><attr><attrlabl Sync="TRUE">MODIFIED_B</attrlabl><attalias Sync="TRUE">MODIFIED_B</attalias><attrtype Sync="TRUE">String</attrtype><attwidth Sync="TRUE">20</attwidth><atprecis Sync="TRUE">0</atprecis><attscale Sync="TRUE">0</attscale></attr><attr><attrlabl Sync="TRUE">ZONING_ZTY</attrlabl><attalias Sync="TRUE">ZONING_ZTY</attalias><attrtype Sync="TRUE">String</attrtype><attwidth Sync="TRUE">30</attwidth><atprecis Sync="TRUE">0</atprecis><attscale Sync="TRUE">0</attscale></attr><attr><attrlabl Sync="TRUE">SHAPE_AREA</attrlabl><attalias Sync="TRUE">SHAPE_AREA</attalias><attrtype Sync="TRUE">Double</attrtype><attwidth Sync="TRUE">19</attwidth><atprecis Sync="TRUE">0</atprecis><attscale Sync="TRUE">0</attscale><attrdef Sync="TRUE">Area of feature in internal units squared.</attrdef><attrdefs Sync="TRUE">Esri</attrdefs><attrdomv><udom Sync="TRUE">Positive real numbers that are automatically generated.</udom></attrdomv></attr><attr><attrlabl Sync="TRUE">SHAPE_LEN</attrlabl><attalias Sync="TRUE">SHAPE_LEN</attalias><attrtype Sync="TRUE">Double</attrtype><attwidth Sync="TRUE">19</attwidth><atprecis Sync="TRUE">0</atprecis><attscale Sync="TRUE">0</attscale></attr></detailed></eainfo><mdDateSt Sync="TRUE">20140724</mdDateSt><dataqual><lineage><srcinfo><typesrc>paper</typesrc><srctime><timeinfo><sngdate><caldate>20101025</caldate></sngdate></timeinfo><srccurr>ground condition</srccurr></srctime></srcinfo></lineage><logic>ESRI feature type: Simple, Geometry: Polygon, Topology: </logic><complete>Data set has been visually inspected.  All data produced strives to meet National Mapping Accuracy Standards (NMAS).</complete></dataqual><mdContact xmlns=""><rpOrgName>CTM Geospatial Services - Data Development</rpOrgName><rpIndName>John Cook</rpIndName><rpPosName>GIS Supervisor</rpPosName><rpCntInfo xmlns=""><cntAddress><delPoint>505 Barton Springs Rd. Ste. 1070</delPoint><city>Austin</city><adminArea>TX</adminArea><postCode>78704</postCode><eMailAdd>john.cook@ci.austin.tx.us</eMailAdd><country>United States</country></cntAddress><cntPhone><voiceNum>(512) 974-6403</voiceNum><faxNum>(512) 974-3337</faxNum></cntPhone><cntHours>8:00 AM to 4:30 PM Central Time (M-F)</cntHours></rpCntInfo><role><RoleCd value="007"/></role></mdContact><mdFileID>62F60B0A-D214-4A88-861F-6E3A0CB0863E</mdFileID><mdMaint xmlns=""><maintFreq><MaintFreqCd value="009"/></maintFreq></mdMaint></metadata>
